Id,firstName,lastName,salary,managerId
123,Joe,Doe,60000,
124,Carol,Bonilla,31178,123
125,Heather,Shaffer,51975,123
126,Brittany,Walters,43778,124
127,Melissa,Ayala,50236,123
128,Christine,Jackson,61762,125
129,Victor,Cross,42025,125
130,Gina,Mccullough,76198,128
131,Mark,Cameron,83391,130
132,Brandy,Torres,42960,124
133,Ashley,Smith,66338,128
134,Allen,Rodriguez,64253,125
135,Gina,Ingram,80811,134
136,Andrew,Austin,54660,129
137,Don,Poole,74214,123
138,Lauren,Herrera,88914,137
139,Joseph,Jarvis,46751,124
140,Russell,Wolf,88676,130
141,Samuel,Meadows,83487,125
142,Matthew,Gamble,43482,134
143,Robert,Nichols,62807,124
144,Meghan,Fuller,62155,133
145,Kevin,Adams,39780,135
146,Brandi,Hickman,36594,131
147,Rebecca,Wood,50358,124
148,William,Evans,56170,144
149,Ian,Bradshaw,83930,132
150,Lisa,Roth,37747,123
151,Christina,Carney,63917,134
152,Arthur,Gibson,52580,130
153,Stacy,Cruz,57120,149
154,Samuel,Edwards,52345,136
155,Ashley,Gonzalez,39061,123
156,Albert,Vang,61575,152
157,Calvin,Williams,74228,147
158,William,Baker,67913,126
159,Bobby,Meyers,74735,140
160,Robert,Collins,79051,126
161,Vincent,Burke,35824,156
162,Nicole,King,41511,141
163,Sarah,Payne,31505,142
164,Travis,Williams,32737,154
165,Carl,Ferrell,52828,123
166,Keith,Estrada,84608,142
167,Amanda,Marks,68467,164
168,Rebecca,Rivera,39374,131
169,James,Campbell,43154,157
170,Dustin,Cook,72981,155
171,Joseph,Yates,56041,158
172,Wayne,Brown,66525,131
173,Cody,Burton,66411,126
174,Dylan,Terry,72521,157
175,Aaron,Stevenson,41340,169
176,John,Jackson,52616,168
177,Amanda,May,36804,165
178,Omar,Williams,58528,145
179,Gina,Holder,55798,129
180,Juan,Campbell,71085,174
181,Nicole,Higgins,88504,167
182,Kimberly,Middleton,73310,127
183,Ethan,Johnston,85343,175
184,Bryan,Dunn,42944,141
185,John,Gill,41059,135
186,Candace,Curtis,56730,159
187,Ronnie,Pena,71587,136
188,Brenda,Hendricks,35912,180
189,Stacey,Mullins,55265,175
190,Glenn,Bailey,79570,168
191,Jeremiah,Martin,59232,190
192,David,Bell,33643,135
193,Michael,Sandoval,65927,179
194,Elizabeth,Martinez,48975,123
195,Kimberly,Cochran,44131,176
196,Ian,Spencer,83720,123
197,Cody,Simpson,47566,192
198,Dalton,Diaz,81293,152
199,Andrew,Peters,61331,172
200,Deborah,Hanson,77449,125
201,Jason,Pratt,57797,148
202,Kyle,Murray,86703,181
203,Kevin,Bartlett,85876,163
204,Thomas,Cook,56454,128
205,Tyler,Silva,39003,176
206,Sue,Molina,68264,134
207,Veronica,Leon,71127,205
208,Kevin,Walker,88436,139
209,Keith,Richard,54825,180
210,Michael,Franco,77494,123
211,Joan,Valdez,35844,195
212,Ashley,Parrish,57998,150
213,Stephanie,Guzman,73895,137
214,Benjamin,Little,59475,123
215,Mark,Owens,70368,158
216,Suzanne,Roberts,88339,189
217,Theresa,Lewis,39742,159
218,Craig,Ortiz,70374,200
219,Sarah,Martin,33934,207
220,Laura,Russell,48152,164
221,Thomas,Mullins,85325,150
222,Deborah,Lane,76838,136
223,Pamela,Stafford,72108,165
224,Michelle,Gonzalez,34570,214
225,Brian,Duarte,49366,146
226,John,Lee,56074,225
227,Christopher,White,49874,192
228,Melissa,Farmer,36612,183
229,Christian,Dudley,52972,151
230,Rachel,Snow,59410,148
231,Tiffany,Malone,82040,128
232,Joan,Collins,61111,173
233,Patrick,Hull,89305,183
234,Kevin,Wells,69940,130
235,Erik,Johnson,88350,137
236,Elizabeth,Oconnor,74119,124
237,Andrea,Franco,71368,142
238,Austin,Schultz,85835,141
239,Toni,Bailey,31090,144
240,Jason,Ramirez,63141,151
241,Gerald,Robinson,57599,236
242,Rachel,Miller,30061,174
243,Tracy,Campbell,89298,142
244,Michael,Lee,48884,196
245,Richard,Jacobs,31116,221
246,Jack,Martin,56946,221
247,Joyce,Kelly,49889,133
248,Aaron,Howard,88469,179
249,Jacob,Wood,69096,129
250,Carrie,Reid,38670,167
251,Paul,Simmons,77254,229
252,Chelsey,Singleton,77670,152
253,Elaine,Adams,54694,246
254,Derek,Wolf,46568,131
255,Rebecca,Hernandez,86243,209
256,Timothy,Garcia,59483,253
257,Lynn,Carter,88092,206
258,Christopher,Browning,78794,126
259,Jennifer,Turner,32171,251
260,Richard,Newton,54226,206
261,Christopher,Calhoun,73194,237
262,Jose,Thompson,66346,197
263,Gail,Booker,34881,164
264,Brenda,Bass,81245,238
265,Heather,Martinez,82663,144
266,Cassandra,Brown,83024,248
267,Jay,Randall,77120,174
268,Melissa,Perez,80814,151
269,Alison,Bryant,62107,262
270,Matthew,Moore,88541,254
271,Cory,Brown,67892,169
272,Michael,Hicks,42187,255
273,Amanda,Murphy,34330,164
274,Monique,Brown,58406,224
275,Tracy,Parker,42967,253
276,Tonya,Hester,59373,151
277,John,Stephens,49620,174
278,Erica,Lee,79753,174
279,Edward,Barnes,48194,196
280,Elizabeth,Mcintyre,62070,252
281,Jordan,Beasley,41018,127
282,John,Ward,88553,173
283,Chad,Barker,59641,157
284,Jeffrey,Johnson,47974,145
285,Robert,Keller,78915,170
286,Paul,Mathis,51954,158
287,Travis,Boone,49430,230
288,Steven,Lewis,35822,149
289,Alex,Robinson,73611,283
290,Chloe,Valdez,52735,131
291,Megan,Jackson,70284,234
292,Penny,Wright,70227,186
293,Victor,Norman,58306,232
294,Amanda,Dean,80881,129
295,Christopher,Lee,47367,163
296,Robert,Alvarado,71634,155
297,Monique,Petty,69348,217
298,Michael,Jackson,86014,212
299,Daniel,Myers,45222,162
300,Kristine,Wood,50801,161
301,James,Lewis,56292,137
302,Haley,Wilson,73295,159
303,Tracy,Anderson,78596,238
304,Darrell,Chavez,43593,217
305,Megan,Livingston,80263,286
306,Leonard,Sanchez,37891,163
307,Amy,Martin,50652,237
308,Tiffany,Valdez,80239,216
309,Patrick,Barker,57209,131
310,Gina,Choi,75603,133
311,Sandra,Kramer,88642,309
312,Nicholas,Ford,56101,287
313,Cody,Harris,81600,288
314,Jordan,Poole,45039,264
315,Arthur,Duncan,55422,186
316,Kathleen,Davis,51681,312
317,Heather,Roman,34568,217
318,Rebecca,Baird,60401,245
319,Veronica,Perry,61139,166
320,David,Conway,73979,246
321,Victor,Espinoza,56378,265
322,Katie,Mccarty,84166,175
323,Richard,Wright,37640,195
324,Anna,Thomas,69807,148
325,Kelli,Williams,47348,285
326,Scott,Underwood,69110,296
327,Michelle,Hood,69043,123
328,Joshua,Davis,87476,166
329,Randy,Bird,59329,192
330,Nicholas,Adams,87441,211
331,Roberto,Schmidt,33212,172
332,Matthew,Murray,87292,266
333,Denise,Lee,63434,166
334,Timothy,Hamilton,73022,150
335,Latoya,Blanchard,45221,238
336,Maxwell,Hopkins,63500,264
337,David,Shepherd,79377,194
338,Robert,Lee,58251,210
339,Beth,Hanson,70195,254
340,Brett,Wilson,42683,219
341,Dakota,Williams,47348,323
342,Jessica,Walker,35582,158
343,Carla,Long,39222,316
344,Robin,Ruiz,48948,139
345,Brenda,Olsen,59163,290
346,Stephanie,Johnson,55087,225
347,Carlos,Martin,71605,142
348,Richard,Holmes,37906,227
349,Courtney,Brown,69967,271
350,Michelle,Watson,79321,305
351,Daniel,Molina,64157,236
352,Glenda,Lopez,48164,229
353,Nancy,Adams,77661,221
354,Carrie,Kelly,51407,252
355,Kayla,Graham,41448,268
356,Mike,Ball,54731,323
357,Michele,Collins,61574,303
358,Kelsey,Cummings,47683,248
359,David,Watson,47992,217
360,Michael,Small,36075,321
361,Lauren,Riddle,79568,235
362,Kathryn,Jones,72964,297
363,Cassandra,Wang,81630,162
364,Anthony,Patterson,64518,249
365,Andrea,Rose,89792,134
366,Sergio,Carroll,81030,317
367,Jeffrey,Duarte,69505,172
368,Jennifer,Ochoa,59072,356
369,Scott,Cain,86188,286
370,Brian,Patel,69027,327
371,Charles,Rice,49639,289
372,John,Burgess,38870,284
373,Jessica,Gutierrez,77082,229
374,Alexis,Gonzales,83564,145
375,Michael,Duke,37871,142
376,Timothy,Schwartz,71860,172
377,Jason,Freeman,61642,270
378,Kimberly,Nguyen,87281,319
379,Megan,Mann,66488,355
380,Gina,Warren,46598,245
381,Susan,Morgan,66158,258
382,Caitlyn,Tucker,46407,260
383,Julie,Hart,52870,169
384,Tanya,Wilson,85901,188
385,Christopher,White,80779,359
386,Jessica,Farrell,70516,130
387,Craig,Shaffer,79702,155
388,Michael,Edwards,53286,126
389,Alexandra,Koch,37517,247
390,Johnny,Lewis,60182,210
391,Joe,Chavez,63509,303
392,Elijah,Thompson,54001,211
393,Zachary,Foster,51863,374
394,David,Robinson,87209,388
395,Caitlyn,Hicks,84290,208
396,Peter,Rivera,43306,389
397,Emily,Fisher,39632,328
398,Rachel,Alexander,33940,351
399,Brandon,Carter,65013,249
400,Vanessa,Whitaker,81811,155
401,Allison,Delacruz,76828,306
402,Devin,Drake,87527,132
403,Matthew,Mora,39785,354
404,Steven,Gray,79012,295
405,Dawn,Melendez,85603,338
406,Melanie,James,72615,221
407,Matthew,Johns,70892,248
408,Aaron,Henry,46527,165
409,Anne,Stephens,53741,318
410,Sarah,Martinez,47067,347
411,Adrienne,Washington,58640,343
412,Chelsea,Hart,76862,164
413,Jennifer,Donaldson,44039,363
414,Elizabeth,Patrick,53694,253
415,Taylor,Wright,48373,187
416,Jeremy,Rogers,52431,280
417,Joshua,Stewart,86877,330
418,Mariah,Carr,84930,168
419,Kristina,Harper,77341,267
420,Michael,Robinson,31980,410
421,Charlene,Humphrey,68432,282
422,Richard,Ray,38684,230
423,Suzanne,Warren,75220,421
424,Renee,Kelly,34436,318
425,Katelyn,Moyer,88476,282
426,Sarah,Wright,50211,188
427,Patricia,Miller,45057,180
428,Tyrone,Sawyer,65634,194
429,Anthony,Hampton,69978,265
430,Anne,Ward,62539,361
431,Andrew,Martinez,86078,255
432,John,Thomas,73005,426
433,Stephanie,Waller,68845,387
434,Kelly,Allen,31299,293
435,Kathy,Osborne,45301,285
436,Megan,Freeman,62267,224
437,Alicia,Leonard,86183,423
438,Adriana,Chan,80165,156
439,Jennifer,Schmitt,57712,414
440,Samuel,Preston,53024,401
441,Katrina,Contreras,68888,378
442,Vicki,Gonzales,83545,206
443,Joseph,Joseph,74846,130
444,Lisa,Lopez,59310,266
445,Mark,Powers,70010,349
446,Johnny,Stewart,53780,128
447,Aaron,Jackson,58340,381
448,Brian,Kelly,44425,310
449,Barbara,Harris,62266,216
450,Anthony,Ellis,83163,434
451,Sherry,Price,78244,431
452,Charles,Jones,48018,212
453,Brandy,Mitchell,62346,227
454,Audrey,Fields,42213,428
455,Christopher,Rhodes,45106,330
456,Scott,Wolf,47730,152
457,Alex,Bentley,41733,244
458,Corey,Mcdaniel,36446,229
459,Desiree,Olson,37447,334
460,Dustin,Castillo,37970,282
461,Sabrina,Smith,74565,280
462,Andrew,Green,72034,257
463,Mallory,Sanders,36813,406
464,Marcus,Gonzalez,44335,399
465,Stephanie,Curtis,51555,316
466,John,Johnson,37034,362
467,Madison,Byrd,77093,280
468,Mark,Blake,62073,360
469,Amy,Madden,82684,229
470,Jack,Hayes,60625,126
471,Darrell,Mullen,55379,133
472,Kelly,Baxter,82989,447
473,Wayne,Gaines,39672,262
474,Amanda,Smith,70947,136
475,Chase,Mccarthy,68096,418
476,April,Sawyer,55832,451
477,Beth,Mercado,83881,307
478,Sarah,Evans,40752,180
479,Jessica,Porter,36133,433
480,Leslie,Yu,70076,434
481,Alexa,Watkins,68204,183
482,Norman,Hayes,58104,428
483,Bonnie,Shepard,73050,262
484,Yesenia,Perez,78772,337
485,Michael,Blevins,37871,185
486,Kerri,Wolf,49692,264
487,Alexis,Morris,60255,148
488,Joel,Wells,62572,341
489,Louis,Klein,32344,438
490,Jillian,Schwartz,45517,197
491,Janet,Nguyen,66398,267
492,Megan,Mendez,32207,223
493,David,Brown,55119,479
494,Nancy,West,68220,143
495,Curtis,Livingston,44726,386
496,Jennifer,Villegas,52075,389
497,Hannah,Arroyo,64871,217
498,Eric,Watson,75027,166
499,Brian,Ross,58446,227
500,Rebecca,Fowler,41478,255
501,Omar,Lutz,59876,255
502,Anthony,Irwin,67112,428
503,Aaron,Young,59530,467
504,Samuel,Fernandez,47451,188
505,Tyler,Yoder,87990,209
506,Sara,Mora,54702,392
507,Valerie,Santos,56576,420
508,Tracy,Taylor,78280,126
509,George,Jones,75008,354
510,Rebecca,Russell,32857,163
511,Anthony,Fisher,40530,216
512,Andrew,Medina,42153,267
513,Wesley,Adams,40674,373
514,Jennifer,Matthews,85165,324
515,Jaime,Mitchell,79963,293
516,John,Woodward,51749,221
517,Nancy,Oconnor,67183,368
518,John,Bryant,72362,311
519,Russell,Reyes,45444,234
520,Elizabeth,Munoz,44721,310
521,Natasha,Strong,57642,226
522,Philip,Briggs,46461,366
523,Charles,Peters,59371,248
524,Laura,Robertson,87090,498
525,Jonathan,Lozano,84575,378
526,Jamie,Camacho,81396,272
527,Katherine,Bonilla,31929,230
528,Phillip,Mcdonald,79976,187
529,Barbara,Lopez,49353,167
530,Jeffrey,Herrera,73043,519
531,Rhonda,Newman,41076,377
532,Ronald,Sparks,40087,250
533,Kevin,West,60506,482
534,Devon,Sanchez,56335,123
535,Juan,Sherman,66018,234
536,Joseph,Mcconnell,83656,504
537,James,Landry,58763,445
538,Ashley,Mathis,30657,233
539,Lori,Long,81666,153
540,Erica,Schultz,55712,124
541,Kevin,Davis,68924,209
542,Ryan,Rivera,58585,126
543,Raymond,Rodriguez,68866,132
544,Samuel,Martinez,72699,138
545,Benjamin,Green,86516,376
546,Betty,Walls,85444,342
547,Samantha,Reed,33214,384
548,Julie,Floyd,36903,423
549,Christina,Mercado,82163,238
550,Michael,Miller,75930,179
551,Mark,Torres,83425,279
552,Amy,Hicks,37321,506
553,Scott,Miller,87496,349
554,April,Gonzalez,70806,136
555,Diana,Reynolds,43006,150
556,Richard,Nguyen,32572,382
557,Richard,Jackson,42920,483
558,Kenneth,Turner,83562,521
559,Steven,Smith,88876,209
560,Scott,Hogan,47787,203
561,Michael,Harris,36255,386
562,Michael,Peterson,54059,445
563,Elizabeth,Davidson,69626,327
564,Steven,Huber,71410,478
565,Gregory,Johnson,44269,232
566,Michael,Meza,73960,484
567,Reginald,Rubio,72408,395
568,Timothy,Love,83255,186
569,Michael,Avery,63092,234
570,Brian,Davis,71137,460
571,Susan,Tanner,60152,347
572,Richard,Simpson,51182,167
573,Molly,Ferguson,35580,454
574,Richard,Perez,81534,327
575,Ethan,Brown,55124,153
576,Frank,Griffith,63232,447
577,Christopher,King,37744,232
578,Melissa,Oliver,64606,373
579,Steven,Porter,79078,207
580,Ellen,Callahan,44516,148
581,William,Meyers,42296,405
582,John,Williams,68871,509
583,Jennifer,Crawford,71938,319
584,Melissa,Lopez,59176,548
585,Theresa,Davis,62558,313
586,Kara,Brennan,43453,466
587,Mark,Norman,60873,370
588,Hunter,Hogan,43228,284
589,Brian,Richardson,66004,508
590,Kyle,Evans,44029,173
591,Kimberly,Miller,51363,539
592,Deanna,Rivera,47819,222
593,Marc,Wilson,55262,355
594,Jennifer,Harrison,38878,334
595,Elizabeth,Stewart,83166,456
596,Daniel,Gallegos,51552,236
597,Kristin,Lucas,74245,417
598,Jimmy,Williams,72216,392
599,Heidi,Howard,43874,364
600,Nicole,Shaw,41001,216
601,Amanda,Morales,57537,405
602,Edward,Smith,89240,324
603,Becky,Dixon,78783,408
604,Brian,Benjamin,41503,482
605,Jerry,Dennis,83987,514
606,Kathryn,Fletcher,54713,415
607,Lisa,Hill,65661,132
608,Carolyn,Garcia,45329,130
609,Jill,Turner,31236,455
610,Tiffany,Carey,33634,448
611,Cassandra,Schneider,52149,348
612,Karina,Edwards,43963,386
613,Rachael,Leach,83247,220
614,Brett,King,43853,419
615,Erin,Rivera,74878,471
616,John,Page,75915,164
617,Amanda,Blackwell,73728,567
618,Nicole,Anderson,69735,330
619,Jacqueline,Wong,62767,464
620,Kelly,Schultz,78486,400
621,Monique,Long,88055,262
622,Alexis,Cohen,68796,385
623,Jason,Robles,44010,436
624,Jeffery,Shaffer,61408,196
625,Nicole,Parker,57024,432
626,Julia,Carpenter,76006,233
627,Robert,Evans,81476,565
628,Nicole,Evans,30862,255
629,Caitlin,Zamora,88787,611
630,Tracy,Jones,85635,549
631,Nicole,White,31084,277
632,Michael,Hayden,50384,182
633,Mark,Terry,58723,222
634,Derek,Love,79743,253
635,Gabriel,Bell,47690,452
636,Steven,Sparks,82917,585
637,Jessica,Parker,79683,350
638,Diamond,Woodard,48945,223
639,Marcus,Perez,62054,501
640,John,Arias,74778,562
641,Tracy,Davis,62838,406
642,Julie,Rose,36686,344
643,Julie,Mcintyre,61358,535
644,Stephanie,Humphrey,69949,588
645,Benjamin,Rodriguez,79788,601
646,Ashley,Randall,80106,381
647,Brett,Hernandez,89451,539
648,Eric,Newton,74489,542
649,Michael,Davis,81292,300
650,Autumn,Love,50658,617
651,Mary,Conway,39770,195
652,Bryce,Williams,57832,286
653,Mackenzie,Lucas,76027,590
654,Sarah,Anderson,45309,645
655,Jennifer,Martin,41635,537
656,Katie,Trevino,47555,475
657,Luis,Bautista,86375,570
658,Christian,Washington,58192,337
659,Lindsey,Deleon,71671,146
660,Jennifer,Lang,80217,241
661,Bradley,Peterson,59220,290
662,Robert,Meyer,40986,205
663,Christine,Smith,63874,625
664,Christopher,Hale,69321,531
665,Blake,Brown,56234,334
666,Paul,Carroll,81011,215
667,Bryan,Torres,87287,607
668,Kristin,Moore,76822,528
669,Kyle,Simon,49751,162
670,Vincent,Taylor,52179,665
671,Amber,Lewis,66366,540
672,Shannon,Marquez,69775,147
673,Brian,Moreno,42550,628
674,Marie,Moore,55783,217
675,Ernest,Miles,79227,423
676,Kelly,Burgess,30371,644
677,Jessica,Hardy,53232,321
678,Donald,White,39786,588
679,Connie,Ward,50353,341
680,Heidi,Velez,67453,176
681,Andrew,Davenport,42941,219
682,David,Robinson,59629,613
683,Jeremy,Rubio,67790,491
684,Lisa,Johnson,45342,408
685,Matthew,Cruz,43374,321
686,Nichole,Hart,48761,377
687,Michael,Montgomery,39345,402
688,Adrian,Lee,88245,580
689,Priscilla,Carpenter,54279,476
690,Valerie,Boone,31232,478
691,Jessica,Terry,31227,161
692,Mary,Berry,65503,623
693,Steve,Anderson,68764,488
694,Danny,Alvarez,83260,411
695,Christopher,Conway,49915,128
696,Joseph,Pierce,67178,646
697,Melissa,Vargas,86255,420
698,Sabrina,Wu,46766,540
699,Brian,Johnston,77906,498
700,Anthony,Jones,63185,552
701,Joseph,Nguyen,48528,529
702,Clayton,Li,35938,565
703,Lisa,Caldwell,34491,398
704,Nicole,Edwards,68584,403
705,Robert,Hernandez,65802,546
706,Rodney,Pacheco,41979,582
707,Renee,Robertson,60820,458
708,Matthew,Powell,62945,416
709,Dawn,Johnson,44662,140
710,Wendy,Roberts,36744,515
711,Michael,Gaines,32433,256
712,Stephanie,King,77353,310
713,Samuel,Perez,71783,402
714,Maria,Stephenson,61638,312
715,Karen,Jones,39964,615
716,Andrew,Mcpherson,73364,692
717,Dawn,Miller,46620,408
718,Leah,Hodges,52451,656
719,Michael,Miller,54670,657
720,Angela,Jordan,81990,285
721,Steven,Braun,55970,451
722,Andrew,Lowe,53331,452
723,Joseph,Castillo,40770,318
724,Brittney,Webb,89244,154
725,Thomas,Johnson,45833,711
726,William,Hughes,67526,669
727,David,Lucas,44323,487
728,Matthew,Cox,89170,286
729,Brian,Rose,85688,548
730,Amy,Thomas,74723,217
731,Paige,Duncan,88428,669
732,Teresa,Duke,38434,533
733,Lisa,Taylor,46235,319
734,Amy,Rose,86114,491
735,Rachel,Blackburn,89371,562
736,Joshua,Potts,33772,694
737,Kristen,Franklin,61779,167
738,Craig,Davis,51171,510
739,Troy,Terry,89837,565
740,Kim,Smith,65578,265
741,Tammy,White,34999,157
742,Katie,Carter,59843,687
743,Shelia,Hobbs,54817,576
744,Molly,Cortez,80520,250
745,Tracey,Burke,44519,312
746,Carolyn,Aguilar,82774,170
747,Brandon,Carson,46961,561
748,Jared,Ellison,52711,477
749,Elizabeth,Ross,58588,603
750,Robert,Massey,33660,385
751,Dustin,Ramos,40076,446
752,Lawrence,Fox,61377,636
753,Cynthia,Taylor,71477,448
754,David,Carter,57137,605
755,Timothy,Garcia,46188,144
756,Tony,Oliver,61014,563
757,Michael,Rowe,79100,320
758,John,Murray,59411,345
759,Aaron,Fernandez,36035,735
760,David,Guerrero,74433,634
761,Monica,Wells,89242,508
762,Jonathan,Johnson,68858,372
763,Paul,Hunter,47354,508
764,Daniel,Todd,56109,619
765,Jason,Sanchez,86815,285
766,Christina,Smith,37260,287
767,Kenneth,Vance,76893,324
768,James,George,72164,547
769,Michael,Clark,33599,208
770,Kathleen,Gonzalez,46339,746
771,Eric,Dillon,76236,585
772,Linda,Jones,87211,539
773,Melissa,Brooks,60319,507
774,Elizabeth,Martinez,80050,620
775,Julia,Kelly,33434,426
776,Cameron,Clements,70363,418
777,Andrea,Higgins,86983,665
778,Melissa,Mullins,68601,774
779,Gary,Campos,88087,421
780,Robin,Scott,59297,135
781,Matthew,Riddle,54428,724
782,Jose,Williams,77514,381
783,Michelle,Davis,78562,151
784,Stephanie,Mclaughlin,47509,287
785,Karen,Murphy,74761,218
786,Erin,Newman,89769,259
787,Jacob,Russo,52798,453
788,Bianca,Cisneros,51565,305
789,Cassandra,Casey,47695,476
790,Daniel,Reed,53719,447
791,Glenn,Meyer,81679,767
792,Kevin,Robinson,30863,720
793,James,Watkins,82108,576
794,Michael,Downs,45060,717
795,Lindsey,Vasquez,77027,306
796,Douglas,Page,53470,667
797,Helen,Smith,68527,160
798,Stephen,Roberts,52267,456
799,Samuel,Allen,88482,193
800,Ray,Brown,76987,330
801,Jacob,Hester,41922,414
802,Michael,Dixon,84380,281
803,Jennifer,Hall,52711,356
804,Tricia,Bass,46730,526
805,Erika,Trujillo,67259,245
806,Shane,Kim,49376,527
807,Ariel,Cunningham,38673,452
808,Renee,Bennett,34775,269
809,Laura,Zimmerman,87650,369
810,Charles,Kirk,59165,685
811,Jennifer,Deleon,80805,691
812,Cynthia,Brown,66326,470
813,Teresa,Holloway,76241,412
814,Sonia,Brennan,47605,621
815,Carlos,Salazar,32109,216
816,Melissa,Yu,38623,484
817,Christopher,Perry,72910,153
818,Angelica,Smith,43399,641
819,Douglas,Thomas,59775,195
820,Dana,Robertson,40216,629
821,Edward,Shaw,33940,650
822,Darryl,Hansen,40092,227
823,Noah,Snyder,47094,611
824,Lisa,Pittman,52455,745
825,Pamela,Moreno,73733,593
826,Michelle,Barry,48310,530
827,Austin,Gibson,63849,648
828,Angela,Ruiz,76275,764
829,Brian,Powers,60834,646
830,Donald,Russell,56014,521
831,Brittany,Wilson,70448,765
832,Peter,Brown,59381,253
833,Victoria,Welch,34147,156
834,Nicole,Ross,67870,624
835,Pam,Riley,33092,727
836,Lisa,Mclaughlin,47692,367
837,Tammy,Gonzalez,76201,750
838,Jesse,Campbell,42486,151
839,Travis,Romero,80595,602
840,Timothy,Jarvis,64915,704
841,David,Williams,59258,329
842,Kristen,Sullivan,62713,276
843,Brittney,Taylor,40745,168
844,Vanessa,Golden,80462,290
845,Barbara,Shelton,57524,785
846,Tyler,Cordova,53213,500
847,Walter,Scott,60679,376
848,Steven,King,35367,191
849,Joel,Powers,77340,712
850,Vincent,Barrett,79466,231
851,Randy,Gutierrez,63621,129
852,John,Huber,66066,673
853,Mitchell,Martin,32557,656
854,Catherine,Contreras,71835,695
855,Matthew,Flowers,72588,382
856,Kevin,Blackwell,79145,269
857,Jessica,Benton,42231,224
858,Angelica,Sims,61388,358
859,Nicholas,Orozco,68814,630
860,Scott,Smith,52471,727
861,Paige,Baker,87102,858
862,Martha,Martinez,61326,327
863,Brenda,Perez,87520,439
864,Craig,Villa,53952,151
865,Amy,Nichols,66073,589
866,Natalie,Scott,50986,189
867,Kenneth,Meyer,57619,334
868,Jacob,Owen,63891,589
869,Jennifer,Weber,86621,392
870,Chelsea,Morris,35988,623
871,Thomas,Shelton,79865,729
872,Gregory,Williams,66543,272
873,Michael,Schwartz,46810,291
874,Jessica,Martinez,31660,749
875,Thomas,Daniel,78124,351
876,John,Hampton,51062,262
877,Nicole,Mcclure,84810,556
878,Stacey,Mckinney,38188,522
879,Steven,Young,59040,838
880,Larry,Brooks,38340,637
881,Breanna,Evans,78558,377
882,Rebecca,Higgins,73536,407
883,Amy,Glenn,70163,747
884,Douglas,Taylor,83304,602
885,Julia,Nguyen,32192,663
886,Sandra,Holland,45399,147
887,Henry,Lee,51618,821
888,Anne,Rogers,66894,376
889,Leah,Watson,42010,276
890,Lauren,Watts,74302,415
891,Amy,Wright,34053,577
892,Sara,Blair,57139,234
893,Corey,Burke,47640,459
894,Jennifer,Reyes,76727,600
895,Glenn,Long,78858,142
896,Thomas,Bryant,64589,683
897,Dennis,Edwards,87907,398
898,Eric,Young,52199,198
899,Gabriel,Marquez,87625,221
900,Tanya,Spence,85243,514
901,Karen,Patterson,31312,332
902,Daniel,Beck,54909,353
903,Marisa,Fernandez,54420,802
904,Troy,Jones,72663,886
905,Kelly,Meyer,64756,506
906,Mark,Lozano,36190,406
907,Stephen,Boone,89051,501
908,Jeanne,Michael,84360,517
909,Paula,Nielsen,59910,297
910,Shelley,Townsend,78830,555
911,Monica,Flowers,34170,845
912,Felicia,Shaw,89705,373
913,Sandy,Phelps,70461,641
914,Katie,Carroll,80134,722
915,Donald,Martin,71120,311
916,Danielle,Clayton,35742,182
917,Dennis,Berger,32397,380
918,James,Mills,36104,905
919,Kevin,Valdez,44920,722
920,Thomas,Montgomery,37409,240
921,Paul,Cook,47903,280
922,Adam,Savage,41570,623
923,Eric,Preston,56886,457
924,Vanessa,Randall,42246,695
925,Joseph,Arias,68640,339
926,Kim,Rios,40314,476
927,Jennifer,Davila,84673,742
928,Ryan,Cross,62376,594
929,Jessica,Olson,47678,394
930,Derek,Brown,74363,554
931,Lauren,Johnson,33327,419
932,James,Bell,38456,659
933,Victoria,Caldwell,88501,563
934,Tyrone,Underwood,66470,373
935,Brent,Page,57762,519
936,Kristin,Aguilar,36576,611
937,James,Mckenzie,59128,762
938,Sherry,White,32456,575
939,Christina,Williams,53582,243
940,David,Shaffer,74263,459
941,Kimberly,Allen,85051,304
942,Timothy,Watkins,71100,344
943,Kenneth,Hicks,71207,858
944,Jacqueline,Mosley,75251,535
945,Angela,Shea,61719,558
946,Jennifer,Romero,34153,536
947,Bryan,Warner,55510,307
948,Lindsay,Campbell,73137,722
949,Benjamin,Reilly,80422,771
950,Harry,Clements,41124,262
951,Gloria,Harper,39540,734
952,Natalie,Hernandez,86158,582
953,Shelley,Ward,87424,549
954,Julie,Meyers,41188,393
955,Janice,Lloyd,52991,133
956,Autumn,Haney,34908,435
957,Ashley,Palmer,76149,684
958,Patricia,Ryan,36852,151
959,Samantha,Carter,30269,825
960,Joshua,Warner,38410,761
961,Linda,Spence,74592,834
962,Joshua,Hughes,42773,582
963,Caitlin,Ford,65152,490
964,Francisco,Jones,79146,472
965,Larry,Dunlap,71391,451
966,Jaime,Werner,30481,534
967,James,Hancock,49545,406
968,Richard,Castro,45102,689
969,Lauren,Rodriguez,57231,669
970,Robert,Vega,66162,695
971,Steven,Harper,67586,768
972,Sandra,Richards,52243,476
973,Tony,Weaver,31116,400
974,Stacy,Ramirez,71261,657
975,Tyler,Wright,54080,909
976,Mark,Lee,56381,590
977,Michele,Romero,74308,861
978,Dawn,Graves,66670,460
979,Roy,Simmons,73554,496
980,Rebecca,Lewis,69469,498
981,Connor,Williams,61669,337
982,Victor,Lamb,36445,772
983,Arthur,Williams,75331,600
984,Rodney,Campbell,67603,704
985,Gregory,Burnett,82639,690
986,Sara,Gates,71054,882
987,Bob,Stephenson,31196,631
988,Karen,Smith,62707,621
989,Eric,Hatfield,41764,475
990,Jennifer,Garcia,43981,447
991,Katherine,Fisher,74348,765
992,Lauren,Johnston,60136,286
993,Hailey,Martinez,35860,927
994,Edwin,Vaughan,39794,523
995,Lindsey,Richardson,61534,170
996,Jorge,Valdez,42508,896
997,Taylor,Brown,42206,293
998,Cassandra,Anthony,33292,843
999,Stephanie,Hampton,41001,557
1000,James,Bass,89508,171
1001,Ryan,Herrera,86647,882
1002,Rachel,Figueroa,77928,810
1003,Gabriel,Hunt,52316,299
1004,Mike,Thompson,81370,946
1005,Tony,Robinson,39962,827
1006,Kathryn,Thompson,70087,689
1007,Michael,Little,68862,464
1008,Maria,Glover,74449,258
1009,William,Dyer,65216,961
1010,Scott,Brooks,53631,646
1011,Amanda,Owens,88240,839
1012,Xavier,Fuller,82134,311
1013,Peter,Coffey,34607,485
1014,Jason,Clark,74534,758
1015,Jeffrey,Ray,48147,776
1016,Jared,Morris,59614,1006
1017,Nathaniel,Jordan,68873,588
1018,Kelsey,Villanueva,54193,461
1019,Katherine,White,71424,713
1020,Tammy,Gilmore,39997,466
1021,Amy,Wiley,48006,202
1022,Kelly,Johnson,54434,1021
1023,Maria,Tanner,50476,748
1024,Brandon,Bell,79450,430
1025,Tyrone,Fuller,75094,232
1026,Michelle,Lawson,66154,278
1027,Timothy,Turner,40029,588
1028,Gregory,Craig,54095,654
1029,Sean,Rogers,53148,242
1030,Terri,Terry,76545,304
1031,Sandra,Warren,81839,619
1032,Chad,Espinoza,47642,1027
1033,Madison,Hill,83720,387
1034,Erica,Craig,87852,332
1035,Kristopher,Krueger,51465,166
1036,Jerry,Floyd,57880,887
1037,Tiffany,Frederick,42956,593
1038,Kimberly,Bishop,30752,541
1039,Jill,Mullen,67393,265
1040,Nicole,Berg,51862,484
1041,Andrew,Wilson,89879,713
1042,Michael,Anderson,61018,468
1043,Jonathan,Reid,50907,787
1044,David,Fisher,71399,681
1045,Melanie,Smith,64496,469
1046,Phillip,Brown,60042,235
1047,Christopher,Paul,60286,402
1048,Joshua,Wilkins,74506,735
1049,Tina,Simon,68721,830
1050,Daniel,Thompson,37400,724
1051,Devin,Ramos,61106,970
1052,Steven,Hicks,62079,288
1053,Heather,Larson,71430,394
1054,Krista,Skinner,75877,775
1055,Margaret,White,61382,616
1056,Cameron,Thomas,86505,984
1057,Diana,Chavez,32044,360
1058,Michele,Bell,84180,911
1059,Henry,Ayers,73835,513
1060,Mark,Price,52746,876
1061,Katherine,Jackson,33575,766
1062,Denise,Cook,47179,812
1063,Stephen,Glenn,73239,982
1064,Timothy,Guzman,35416,151
1065,Kyle,Mckinney,68984,251
1066,Michael,Calderon,74906,689
1067,Susan,Vega,56946,920
1068,Scott,Perkins,79098,1060
1069,Pamela,Scott,50154,521
1070,Kendra,Bradley,41699,228
1071,Mark,Todd,71470,993
1072,Angela,Moore,58010,683
1073,Danielle,Schmidt,47780,470
1074,Anthony,Wade,42114,351
1075,Barry,Lewis,32152,857
1076,Keith,Haynes,83981,831
1077,Tiffany,Miller,69312,1059
1078,Thomas,Douglas,74166,134
1079,Michael,Mcdonald,54338,813
1080,Joshua,Ortiz,55591,451
1081,Desiree,Morris,73903,549
1082,Joshua,Horne,49675,472
1083,Michael,Delgado,51653,931
1084,Tyler,Bender,85786,499
1085,Suzanne,Carpenter,38217,1000
1086,Jeffrey,Hogan,35087,786
1087,James,Richardson,30568,625
1088,Daniel,Ford,76534,873
1089,Gina,Clark,75913,380
1090,Brian,Carlson,37858,236
1091,Harold,Stevens,76379,462
1092,Brooke,Smith,69458,557
1093,Jeffrey,Sandoval,34853,304
1094,Daniel,Moreno,72411,527
1095,Robert,Mendez,73917,307
1096,Joseph,Vance,34511,342
1097,Cassandra,Buckley,67898,685
1098,Thomas,Sanchez,36218,427
1099,Daryl,Alexander,42722,1067
1100,Jessica,Owens,58521,309
1101,Elizabeth,Woodard,82413,582
1102,Kevin,Cunningham,85920,1027
1103,Suzanne,Hunter,78993,944
1104,Christopher,Hernandez,37501,636
1105,Stacy,Thompson,31983,615
1106,Scott,Braun,71373,945
1107,Eric,Miles,87060,698
1108,Shawn,Page,50889,802
1109,Christopher,Taylor,39048,859
1110,Eric,Sanders,89441,228
1111,Heidi,Perez,36458,658
1112,Lauren,Dawson,66877,497
1113,Renee,Watson,84192,285
1114,Angelica,Young,53816,426
1115,Shawn,Anderson,46926,484
1116,Kimberly,Ryan,50323,1106
1117,Michael,Lopez,60434,806
1118,Amanda,Gregory,37051,522
1119,Devin,Rojas,54011,708
1120,Dustin,Hall,35318,1040
1121,Jennifer,Brock,57700,1081
1122,Leslie,Case,80202,240
